Duck Herding 60min,60
Archery 45min,45
Learning Magic Tricks 40min,40
Laser Clay Shooting 60min,60
Human Table Football 30min,30
Buggy Driving 30min,30
Salsa & Pickes sprint,15
2-wheeled Segways 45min,45
Viking Axe Throwing 60min,60
Giant Puzzle Dinosaurs 30min,30
Giant Digital Graffiti 60min,60
Cricket 2020 60min,60
Wine Tasting sprint,15
Arduino Bonanza 30min,30
Digital Treasure Hunt 60min,60
Enigma Challenge 45min,45
Monti Carlo or Bust 60min,60
New Zeleand Haka 30min,30
Time Tracker sprint,15
Indiano Drizzle 45min,45
